player,elo,hard_elo,clay_elo,grass_elo,52_swon,52_svpt,52_rwon,52_rpt,52_s_pct,52_r_pct,52_s_pct_EM,52_r_pct_EM
Novak Djokovic,2420.33527565,2363.82421923,2358.5892442,2204.65685495,1646.0,2511.0,1111.0,2585.0,0.655515730785,0.429787234043,0.65466951652,0.428351715987
Roger Federer,2399.32942722,2353.31515486,2130.50902017,2166.26983369,2910.0,3990.0,1810.0,4580.0,0.729323308271,0.39519650655,0.72813280478,0.394732495719
Andy Murray,2320.98848312,2267.45159409,2211.84860153,2153.04742817,1228.0,1942.0,790.0,1919.0,0.632337796087,0.411672746222,0.631729201962,0.410185508994
Rafael Nadal,2318.476845,2187.83662977,2413.92100698,1897.89985734,3172.0,4514.0,2179.0,4990.0,0.702702702703,0.436673346693,0.701844161757,0.435858741145
Juan Martin,2185.58115059,2120.19181771,2057.22040989,1843.39633684,2817.0,4219.0,1626.0,4423.0,0.667693766295,0.367623784761,0.667074548609,0.367434397548
Kei Nishikori,2175.22101608,2105.33074066,2105.91669187,1863.22225615,1611.0,2517.0,1052.0,2620.0,0.640047675805,0.401526717557,0.639470593845,0.400609782145
Grigor Dimitrov,2152.51131857,2099.18594609,1846.66971574,1797.77704807,3197.0,4751.0,1802.0,4855.0,0.672910966112,0.371163748713,0.67229901986,0.370956992337
Nick Kyrgios,2144.66340962,2094.0519673,1909.19180375,1816.76982403,2459.0,3483.0,1249.0,3628.0,0.706000574218,0.344266813671,0.704783714681,0.344336207931
Alexander Zverev,2128.472428,2015.70227299,2063.54632626,1861.37940272,3736.0,5562.0,2063.0,5564.0,0.671700827041,0.370776419842,0.671175830738,0.37059904392
Stanislas Wawrinka,2122.07567882,2052.47291175,2146.79509159,1736.0380785,1723.0,2649.0,916.0,2519.0,0.650434126085,0.363636363636,0.649654228624,0.363379744871
Milos Raonic,2113.73846557,2047.98897204,2003.62179002,1948.47999432,1677.0,2380.0,865.0,2521.0,0.704621848739,0.343117810393,0.702903794705,0.343238218505
David Goffin,2111.95367648,2011.73217303,2021.87451421,1719.22829601,3691.0,5689.0,2270.0,5702.0,0.648795921955,0.398105927745,0.648460686028,0.397708604481
Marin Cilic,2099.50294161,1970.7497603,1983.81138742,1996.73129357,3502.0,5058.0,2146.0,5482.0,0.692368525109,0.391462969719,0.691669526146,0.391106503045
Jo Wilfried,2097.3283581,2027.90797862,2006.86493809,1891.37520075,2264.0,3291.0,1342.0,3603.0,0.687936797326,0.372467388288,0.686931706542,0.372172870146
Tomas Berdych,2090.44460285,2001.37553391,2028.15725514,1882.07796361,2570.0,3830.0,1369.0,3750.0,0.671018276762,0.365066666667,0.670250291624,0.364875475061
Gael Monfils,2050.87372647,2022.12691794,1908.46233412,1763.09043615,1723.0,2700.0,1051.0,2732.0,0.638148148148,0.384699853587,0.637624752409,0.384105436946
Richard Gasquet,2049.35215238,1957.27688834,2012.72339086,1833.11460138,2260.0,3442.0,1390.0,3606.0,0.656595002905,0.385468663339,0.65597232772,0.385006531824
Hyeon Chung,2038.03616923,1936.81073091,1852.30939128,1445.08635389,2199.0,3487.0,1417.0,3585.0,0.630628047032,0.395258019526,0.630319748672,0.394666098192
Dominic Thiem,2026.46384112,1872.56336928,2223.60187346,1699.11097335,3358.0,5076.0,2097.0,5405.0,0.661544523247,0.387974098057,0.661087041687,0.387642778107
Roberto Bautista,2021.87379657,1967.16293102,1875.77720414,1802.66411204,3066.0,4806.0,2025.0,4969.0,0.637952559301,0.407526665325,0.637664436759,0.406982703066
Kyle Edmund,2016.38735705,1953.44778278,1763.60510407,1406.180322,3218.0,4898.0,1792.0,4894.0,0.65700285831,0.366162648141,0.656538913001,0.366005260594
Fabio Fognini,2004.28726128,1924.46374963,1888.61255438,1672.49854701,3099.0,5092.0,1937.0,4918.0,0.608601728201,0.393859292395,0.608573515861,0.393439571157
Lucas Pouille,1995.42527204,1914.67705743,1853.09522982,1734.23421754,2835.0,4299.0,1619.0,4380.0,0.659455687369,0.369634703196,0.658913205027,0.36942205318
Jack Sock,1991.96797521,1930.31523751,1863.3396271,1632.9741504,2421.0,3792.0,1400.0,3897.0,0.638449367089,0.359250705671,0.638077278438,0.359136187823
John Isner,1989.36944191,1908.34413632,1872.72028909,1799.63004242,3407.0,4716.0,1310.0,4631.0,0.722434266327,0.282876268624,0.721322235799,0.283549718501
Diego Sebastian,1985.18776052,1893.37448853,1833.77558606,1293.26098932,2985.0,4963.0,2208.0,5187.0,0.601450735442,0.425679583574,0.601484726134,0.424994701909
Damir Dzumhur,1985.17426219,1930.15009874,1602.15339724,1548.55214702,2704.0,4489.0,1886.0,4554.0,0.60236132769,0.414141414141,0.60239119639,0.413480584129
Andrey Rublev,1978.81707747,1896.61117811,1696.17318594,1558.08133259,2226.0,3649.0,1445.0,3618.0,0.610030145245,0.399391929243,0.609974584674,0.398752140563
Kevin Anderson,1975.29101352,1857.24895919,1891.48387301,1787.85359518,3223.0,4577.0,1675.0,4790.0,0.704173039109,0.349686847599,0.70326546324,0.349686723643
Philipp Kohlschreiber,1968.16596561,1840.26660879,1948.42584067,1785.89111877,1920.0,2962.0,1096.0,3010.0,0.648210668467,0.364119601329,0.647588492058,0.363896741945
David Ferrer,1966.70961508,1901.7999804,2015.99994954,1684.4528389,2211.0,3608.0,1495.0,3726.0,0.612804878049,0.401234567901,0.612718201469,0.4005900589
Gilles Muller,1966.17488888,1812.17932111,1713.82330283,1901.27207022,2656.0,3824.0,1263.0,3893.0,0.694560669456,0.324428461341,0.693554837423,0.324730658779
Alexandr Dolgopolov,1949.37999519,1847.08292396,1881.71450455,1677.76218893,1861.0,2888.0,1033.0,2822.0,0.644390581717,0.366052445074,0.643786829818,0.365783209896
Sam Querrey,1945.70085111,1819.53052745,1748.37456028,1860.8367035,2783.0,4079.0,1473.0,4182.0,0.682275067418,0.352223816356,0.681467206372,0.352195381598
Mirza Basic,1940.71636889,1895.6543333,1385.33380462,1508.5050512,610.0,907.0,308.0,879.0,0.672546857773,0.35039817975,0.66931762855,0.350361307855
Feliciano Lopez,1931.78244203,1769.18353111,1831.07438756,1904.48738759,2592.0,3877.0,1286.0,3888.0,0.668558163529,0.330761316872,0.667844933276,0.330987995994
Adrian Mannarino,1928.57183875,1821.49818032,1617.64317372,1724.12163636,3057.0,4841.0,1927.0,4940.0,0.631481098946,0.39008097166,0.631249003817,0.38969883444
Daniil Medvedev,1919.11542678,1805.16989224,1473.49960887,1755.29287252,1834.0,2907.0,1027.0,2849.0,0.630890952872,0.360477360477,0.630500194897,0.360301427043
Marcos Baghdatis,1917.49952452,1854.4963224,1614.5054399,1717.38709185,1487.0,2329.0,863.0,2330.0,0.638471446973,0.370386266094,0.637853387429,0.369975321093
Peter Gojowczyk,1906.19893685,1842.01506385,1402.97019227,1602.17073561,1499.0,2364.0,897.0,2352.0,0.634094754653,0.38137755102,0.633563539344,0.380754298298
Gilles Simon,1903.14364053,1866.82441532,1778.34377619,1689.0008485,1787.0,3023.0,1136.0,2880.0,0.591134634469,0.394444444444,0.591352219306,0.393723069377
Pablo Carreno,1902.15127966,1750.44834565,1952.11676472,1392.32799339,2512.0,4046.0,1458.0,3849.0,0.620860108749,0.378799688231,0.620684218157,0.378447110342
Fernando Verdasco,1896.85827669,1796.07916644,1874.64900969,1675.98267045,2416.0,3745.0,1523.0,3948.0,0.645126835781,0.385764944276,0.644685165573,0.385338875087
Ryan Harrison,1894.07304787,1833.41067,1563.70087949,1451.42161755,2063.0,3286.0,1084.0,3213.0,0.627814972611,0.337379396203,0.627509848153,0.337557264255
Tommy Haas,1888.30664978,1846.17451175,1831.87139295,1767.73183822,958.0,1515.0,461.0,1451.0,0.632343234323,0.317711922812,0.631544018786,0.31871814859
Yoshihito Nishioka,1887.8936477,1822.56935286,1495.04667515,1396.13246407,375.0,634.0,261.0,631.0,0.591482649842,0.413629160063,0.59240181843,0.409181233348
Nicolas Almagro,1887.62789703,1756.82652319,1903.76369676,1615.82867885,737.0,1148.0,443.0,1175.0,0.641986062718,0.377021276596,0.640654510902,0.375965917226
Borna Coric,1882.7573539,1759.15151817,1828.3896347,1406.68797494,2311.0,3542.0,1270.0,3582.0,0.652456239413,0.35455053043,0.651880166688,0.354487156528
Karen Khachanov,1881.75315944,1720.40001904,1844.06438025,1703.62342609,2819.0,4431.0,1615.0,4390.0,0.636199503498,0.367881548975,0.635891331277,0.367688013351
Julien Benneteau,1879.5993121,1817.9278172,1617.63622898,1613.25240545,1365.0,2172.0,823.0,2235.0,0.628453038674,0.368232662192,0.628004558997,0.367849118617
Juan Monaco,1878.76622208,1742.50425268,1873.79462533,1583.56710133,126.0,228.0,93.0,252.0,0.552631578947,0.369047619048,0.560550650102,0.365993292864
Leonardo Mayer,1878.56343747,1743.07994963,1869.41207441,1597.02031571,1119.0,1700.0,675.0,1852.0,0.658235294118,0.364470842333,0.656998272327,0.36410337339
Benoit Paire,1871.71146281,1772.75009705,1762.56875579,1659.90901275,2814.0,4563.0,1657.0,4401.0,0.616699539776,0.376505339696,0.616587086301,0.376220842813
Albert Ramos,1869.24036353,1700.52377262,1896.86429166,1580.13047705,3287.0,5223.0,1955.0,5262.0,0.629331801647,0.371531736982,0.629131791873,0.371337561445
Steve Darcis,1865.96446385,1772.47258548,1735.93183698,1650.10487584,1156.0,1939.0,628.0,1795.0,0.596183599794,0.349860724234,0.596407534701,0.349855946997
Viktor Troicki,1864.53854752,1796.42124138,1777.25989606,1591.05827649,2196.0,3487.0,1291.0,3583.0,0.629767708632,0.360312587217,0.629469781416,0.360174367399
Ivo Karlovic,1858.36840586,1787.36093681,1689.85400755,1759.66698129,2114.0,2890.0,753.0,2868.0,0.731487889273,0.262552301255,0.72956454924,0.263961856491
Tommy Robredo,1855.5937011,1813.25146074,1772.7727576,1606.49302979,595.0,1010.0,347.0,976.0,0.589108910891,0.355532786885,0.589820705715,0.355262720635
Jan Lennard,1853.73788341,1786.51677656,1655.19291649,1410.5929258,2912.0,4501.0,1534.0,4404.0,0.646967340591,0.348319709355,0.646552556461,0.348334060932
Guido Pella,1852.94037669,1744.60967209,1775.72894482,1392.18832543,1705.0,2673.0,1007.0,2684.0,0.637860082305,0.375186289121,0.637332171157,0.374745716575
John Millman,1851.69195808,1766.10815495,1431.86741084,1619.97592629,988.0,1606.0,599.0,1575.0,0.615193026152,0.380317460317,0.61492568178,0.379426498439
Pablo Cuevas,1850.00720912,1711.4105384,1885.98583605,1570.01690481,1861.0,2901.0,1074.0,2940.0,0.641502930024,0.365306122449,0.640966052572,0.365059306498
Andreas Seppi,1846.06615167,1763.30483904,1750.20728314,1721.24692067,1880.0,2946.0,1092.0,3006.0,0.638153428377,0.363273453094,0.637676968668,0.363063372907
Mischa Zverev,1843.1137849,1730.59423722,1612.05894575,1697.29318288,2665.0,4161.0,1395.0,4053.0,0.640471040615,0.344189489267,0.640091189438,0.344252579983
Aljaz Bedene,1839.47731251,1694.80238088,1711.49268401,1678.10261666,1533.0,2278.0,877.0,2414.0,0.672958735733,0.363297431649,0.67173832186,0.36303635999
Denis Istomin,1838.25753447,1762.81359703,1683.18175457,1648.87055321,1514.0,2360.0,857.0,2381.0,0.641525423729,0.359932801344,0.640864398223,0.359733536374
Federico Delbonis,1837.19302247,1697.37430471,1847.3802861,1337.91397764,682.0,1092.0,413.0,1107.0,0.624542124542,0.373080397471,0.623805253821,0.372123903035
Marton Fucsovics,1836.53953858,1687.81381429,1734.77881095,1376.92993455,1294.0,2038.0,800.0,2079.0,0.634936211973,0.3848003848,0.634319089091,0.384021177404
Alex De,1833.88722042,1764.83758035,1467.52547313,1500.0,574.0,908.0,321.0,891.0,0.632158590308,0.360269360269,0.630889700448,0.359736701274
Jerzy Janowicz,1828.53211272,1742.96234646,1649.51333165,1690.2392043,550.0,797.0,207.0,764.0,0.69008782936,0.270942408377,0.685434925747,0.275520230072
Bernard Tomic,1825.02571038,1760.19363187,1591.71113889,1737.57930268,1076.0,1720.0,485.0,1564.0,0.625581395349,0.31010230179,0.625025171208,0.311260717407
Taylor Harry,1822.74266417,1763.77523942,1522.63584424,1422.29887596,1009.0,1574.0,579.0,1561.0,0.641041931385,0.370916079436,0.640056664022,0.370293088223
Jiri Vesely,1821.20479732,1664.43181988,1827.54112533,1587.16837336,2357.0,3769.0,1323.0,3685.0,0.625364818254,0.359023066486,0.625127509453,0.358904920389
Daniel Evans,1820.82064662,1796.47166257,1567.04748217,1532.52560001,476.0,813.0,336.0,862.0,0.585485854859,0.389791183295,0.586464814039,0.387710027672
Egor Gerasimov,1819.35166286,1617.71426856,1652.81104134,1500.0,56.0,65.0,28.0,75.0,0.861538461538,0.373333333333,0.766250229273,0.364199100739
Robin Haase,1819.2655636,1728.02567724,1733.84863878,1599.15321266,3021.0,4719.0,1716.0,4732.0,0.640178003814,0.362637362637,0.639854877432,0.362509430589
Steve Johnson,1815.69272974,1734.50260136,1774.06612048,1733.29176017,2304.0,3551.0,1135.0,3442.0,0.648831315123,0.329750145264,0.648278319751,0.330019468006
Martin Klizan,1813.3740151,1726.35397851,1799.29095865,1442.49829685,752.0,1235.0,435.0,1157.0,0.608906882591,0.375972342264,0.608779065938,0.374942292
Mikhail Kukushkin,1812.52486514,1768.83224438,1585.85115698,1510.8277759,1416.0,2271.0,885.0,2283.0,0.623513870542,0.3876478318,0.623168957708,0.386879206906
Simone Bolelli,1812.22947217,1637.10540623,1836.47948046,1666.55362367,351.0,577.0,165.0,497.0,0.608318890815,0.33199195171,0.608083535971,0.333524533378
Denis Shapovalov,1810.53699821,1744.45365306,1545.84304373,1494.47047083,1572.0,2313.0,792.0,2342.0,0.679636835279,0.338172502135,0.678255229784,0.338399557406
Roberto Carballes,1809.74436562,1427.44799131,1804.73509299,1500.0,319.0,471.0,184.0,493.0,0.677282377919,0.37322515213,0.67134226341,0.371168780608
Ruben Bemelmans,1809.1686653,1722.14749494,1411.65667745,1545.39177735,1025.0,1593.0,530.0,1550.0,0.64344005022,0.341935483871,0.642381138884,0.342164008876
Jared Donaldson,1807.93213314,1716.61399168,1503.08859823,1440.31007529,2111.0,3318.0,1260.0,3425.0,0.636226642556,0.367883211679,0.635832406882,0.367635865159
Yuichi Sugita,1806.57851402,1674.38692978,1634.89646569,1655.85540814,2162.0,3508.0,1300.0,3443.0,0.616305587229,0.377577693872,0.616167263409,0.377200615285
Nicolas Mahut,1805.69150284,1727.90876471,1612.53194292,1725.27968278,1414.0,2208.0,713.0,2132.0,0.640398550725,0.334427767355,0.639684910969,0.334757752591
Donald Young,1805.67600407,1742.67191597,1491.607787,1568.24124714,1713.0,2868.0,894.0,2577.0,0.597280334728,0.346915017462,0.597418873597,0.346964607823
Andrej Martin,1804.03877118,1489.87620176,1772.09924808,1482.14625737,257.0,426.0,188.0,429.0,0.603286384977,0.438228438228,0.603489652325,0.429457004833
Andrey Kuznetsov,1803.54295442,1660.09774506,1771.94025979,1522.22665724,1395.0,2195.0,800.0,2247.0,0.635535307517,0.356030262572,0.634951809765,0.355899589468
Jeremy Chardy,1798.10862552,1704.05825546,1802.25776922,1586.2472673,1540.0,2364.0,899.0,2541.0,0.651438240271,0.353797717434,0.65064771808,0.35372257228
Janko Tipsarevic,1794.16628021,1789.67331607,1701.76821467,1665.09280771,647.0,1051.0,397.0,1081.0,0.615604186489,0.367252543941,0.615203257612,0.366517649061
Marius Copil,1791.97295177,1771.23243158,1594.30211123,1408.00738418,1469.0,2222.0,735.0,2199.0,0.661116111611,0.334242837653,0.660013352088,0.334566863027
Dudi Sela,1789.32632248,1698.33731933,1394.48149139,1663.37636462,1087.0,1716.0,691.0,1784.0,0.63344988345,0.387331838565,0.632769323008,0.386361899157
Marcelo Arevalo,1789.10974906,1817.30160961,1415.57455999,1500.0,240.0,375.0,162.0,385.0,0.64,0.420779220779,0.636424488378,0.413019082511
Florian Mayer,1785.4527116,1658.78058101,1737.68366943,1807.1705335,1090.0,1783.0,544.0,1645.0,0.611329220415,0.330699088146,0.611174598996,0.331227969671
Darian King,1784.32686224,1758.79618367,1412.78572531,1500.0,482.0,821.0,348.0,803.0,0.587088915956,0.433374844334,0.588051958197,0.428731357534
Thanasi Kokkinakis,1782.85773653,1683.01161365,1540.48965445,1527.90901166,880.0,1376.0,377.0,1247.0,0.639534883721,0.302325581395,0.63836192428,0.304051162319
Jurgen Melzer,1782.57465405,1714.1959624,1699.06774517,1674.88109923,82.0,134.0,51.0,137.0,0.611940298507,0.372262773723,0.610350923617,0.366477797332
Yen Hsun,1781.4892584,1706.20018064,1473.41995845,1625.29828033,661.0,1045.0,403.0,1053.0,0.632535885167,0.382716049383,0.631439023554,0.381299519774
Ernests Gulbis,1780.11651528,1673.55370046,1797.0837673,1581.99753206,833.0,1301.0,453.0,1311.0,0.640276710223,0.345537757437,0.639134810161,0.345681400905
Lukas Rosol,1776.62532966,1696.87813944,1702.39918784,1488.33544216,492.0,717.0,240.0,736.0,0.686192468619,0.326086956522,0.681594464767,0.327507455823
Dusan Lajovic,1771.36695621,1673.26541807,1716.43108832,1521.493274,1938.0,2991.0,998.0,2891.0,0.647943831494,0.345209270149,0.647300472758,0.345280942285
Dustin Brown,1764.89845409,1649.68603557,1640.96939945,1635.46782268,1046.0,1724.0,496.0,1594.0,0.606728538283,0.311166875784,0.606693902319,0.312273521517
Albert Montanes,1764.79960603,1548.85562045,1752.57800113,1455.04376072,69.0,131.0,42.0,106.0,0.526717557252,0.396226415094,0.549977305918,0.381891334685
Dmitry Tursunov,1761.61422854,1726.35685329,1681.42031598,1576.00350847,156.0,287.0,81.0,243.0,0.543554006969,0.333333333333,0.553124597257,0.335989447875
Sergiy Stakhovsky,1760.02615371,1679.82158218,1541.72524222,1640.47182529,758.0,1145.0,352.0,1099.0,0.662008733624,0.320291173794,0.659810417993,0.321500286237
Filip Krajinovic,1758.51003993,1723.33184756,1520.61212878,1477.7603682,400.0,618.0,210.0,594.0,0.647249190939,0.353535353535,0.644339508436,0.353251317838
Nikoloz Basilashvili,1758.09849912,1743.08876649,1670.16227686,1523.97920943,2075.0,3498.0,1228.0,3219.0,0.593196112064,0.381484933209,0.593363019562,0.381025571618
Tommy Paul,1756.96603445,1681.72945875,1548.316352,1500.0,495.0,772.0,276.0,784.0,0.641191709845,0.352040816327,0.639274322663,0.351906517916
Ricardas Berankis,1755.46723561,1743.2945638,1426.38972935,1257.96573085,873.0,1421.0,488.0,1391.0,0.614356087262,0.35082674335,0.614080387291,0.350788943386
Horacio Zeballos,1754.22174069,1682.20465029,1721.94080232,1215.83475806,1796.0,2794.0,950.0,2777.0,0.642806012885,0.34209578682,0.642217592352,0.34222234864
Thomaz Bellucci,1754.02081199,1675.37140153,1718.9772675,1442.91495134,1448.0,2365.0,912.0,2417.0,0.612262156448,0.377327265205,0.612139184665,0.376797976343
Joao Sousa,1753.02199035,1689.17708522,1721.59640852,1485.26746696,2571.0,4091.0,1534.0,4207.0,0.628452701051,0.364630377942,0.628212248768,0.36446456195
Cedrik Marcel,1752.67059485,1582.09441432,1741.2397708,1494.18542985,447.0,821.0,326.0,767.0,0.544457978076,0.425032594524,0.547798733006,0.420667055386
Sebastian Ofner,1749.18721817,1482.72607879,1637.93915647,1622.1732995,404.0,651.0,211.0,610.0,0.620583717358,0.345901639344,0.619556073092,0.346172391937
Ivan Dodig,1747.44088018,1588.80160882,1787.07875934,1633.72774442,188.0,309.0,128.0,308.0,0.608414239482,0.415584415584,0.608040650711,0.406831728061
Bjorn Fratangelo,1745.502993,1608.38969847,1606.34518783,1603.21028645,843.0,1375.0,455.0,1303.0,0.613090909091,0.349194167306,0.612838934523,0.349210933838
Guillermo Garcia,1741.27424508,1637.04347618,1768.21302718,1474.88358084,809.0,1304.0,500.0,1328.0,0.620398773006,0.376506024096,0.619914734203,0.37558575528
Matthew Ebden,1740.30419412,1609.2886358,1411.85198718,1569.24207605,708.0,1099.0,427.0,1154.0,0.644222020018,0.370017331023,0.642784214906,0.36921853703
Vasek Pospisil,1740.20676236,1698.42839469,1295.26486382,1539.7192267,1030.0,1603.0,524.0,1601.0,0.642545227698,0.32729544035,0.641543306708,0.327935841809
Henri Laaksonen,1738.19683363,1661.09675987,1635.9445115,1423.64379161,1273.0,2000.0,742.0,2017.0,0.6365,0.36787307883,0.635830601417,0.367457244803
Tennys Sandgren,1737.99698512,1764.87870812,1388.70160516,1450.08429806,810.0,1273.0,425.0,1270.0,0.636292223095,0.334645669291,0.635249430142,0.335183806129
Alexander Bublik,1737.3517819,1687.17589682,1500.0,1497.39523768,193.0,301.0,84.0,276.0,0.641196013289,0.304347826087,0.636238399707,0.310963048931
Mikhail Youzhny,1732.15615485,1712.11438116,1586.91942953,1679.25271404,1277.0,2154.0,660.0,1927.0,0.592850510678,0.342501297353,0.593134593464,0.342672663798
Andreas Haider,1730.48109935,1623.4504942,1701.07244864,1404.29726468,177.0,342.0,73.0,250.0,0.517543859649,0.292,0.530812989975,0.30115381007
Dmitry Popko,1729.3776523,1615.59426618,1616.30986673,1500.0,332.0,509.0,170.0,491.0,0.652259332024,0.346232179226,0.648374066285,0.346533832582
Paolo Lorenzi,1725.28571438,1615.43954116,1712.23282627,1281.60374877,2683.0,4303.0,1498.0,4243.0,0.623518475482,0.353052085788,0.62333119139,0.353014949579
Gastao Elias,1723.42530357,1471.8284828,1746.17484461,1384.60454899,450.0,736.0,315.0,825.0,0.611413043478,0.381818181818,0.61110830893,0.380079899969
Pierre Hugues,1723.31296645,1660.1419903,1582.77726812,1547.06574942,1467.0,2310.0,724.0,2283.0,0.635064935065,0.317126587823,0.634499444791,0.317785382115
Tobias Kamke,1722.94367568,1624.19348685,1690.85527054,1556.6199151,160.0,248.0,101.0,247.0,0.645161290323,0.408906882591,0.639105678095,0.399409818916
Thiago Monteiro,1722.89580393,1473.61123212,1699.08867093,1526.40034877,2014.0,3159.0,965.0,2947.0,0.637543526432,0.327451645741,0.637066730996,0.32780169987
Pablo Andujar,1722.46064003,1525.18232563,1795.77763932,1334.14948483,133.0,207.0,71.0,219.0,0.642512077295,0.324200913242,0.636259785775,0.328714807933
Carlos Berlocq,1720.75094359,1643.1152874,1676.93022795,1353.14655742,1045.0,1782.0,619.0,1694.0,0.586419753086,0.365407319953,0.58690631766,0.364981138077
Thiemo De,1719.44197842,1622.58168223,1727.7058314,1494.54060729,292.0,477.0,148.0,427.0,0.61215932914,0.346604215457,0.611526978806,0.346909578054
Lukas Lacko,1717.81392181,1664.79118256,1423.02318369,1453.79811986,997.0,1535.0,516.0,1520.0,0.649511400651,0.339473684211,0.648259701578,0.339780673263
Santiago Giraldo,1715.11676232,1611.30396457,1687.44369394,1514.77508118,714.0,1171.0,385.0,1081.0,0.609735269001,0.356151711378,0.609566107513,0.355880905424
Ramkumar Ramanathan,1714.99386811,1588.98351999,1500.0,1538.11676439,676.0,1008.0,357.0,1009.0,0.670634920635,0.353815659068,0.667884857565,0.353630712312
Joao Domingues,1714.20345264,1561.04491774,1656.56017366,1500.0,164.0,280.0,110.0,278.0,0.585714285714,0.395683453237,0.588434814639,0.389009848965
Marcel Granollers,1711.26966668,1641.6013474,1669.26605023,1517.75260727,638.0,1069.0,379.0,1111.0,0.596819457437,0.341134113411,0.597151498853,0.341481895167
Nicolas Kicker,1709.94514347,1506.08125027,1753.26183246,1469.6443208,1047.0,1787.0,639.0,1717.0,0.58589815333,0.372160745486,0.586391525541,0.371559567527
Attila Balazs,1708.25428016,1554.25434863,1700.44065156,1500.0,232.0,414.0,126.0,384.0,0.56038647343,0.328125,0.565061297116,0.330482245003
Ricardo Rodriguez,1704.83869014,1728.39333715,1530.4970374,1500.0,305.0,512.0,228.0,507.0,0.595703125,0.449704142012,0.596488825632,0.441190614322
Grega Zemlja,1703.1570372,1547.03602941,1634.8964815,1630.34165196,138.0,198.0,59.0,187.0,0.69696969697,0.31550802139,0.679395396205,0.322389664265
Matthias Bachinger,1703.0822734,1600.4477443,1547.97629752,1448.69560824,66.0,111.0,40.0,121.0,0.594594594595,0.330578512397,0.59751121213,0.335934220158
Yuki Bhambri,1702.44142819,1615.91525743,1534.41580605,1500.0,573.0,903.0,335.0,913.0,0.634551495017,0.366922234392,0.633200682944,0.366074980315
Paul Henri,1700.52574133,1597.05316799,1715.93087414,1606.18927035,152.0,279.0,83.0,274.0,0.544802867384,0.302919708029,0.553267477567,0.309785853063
Frederik Nielsen,1700.3429296,1612.93825406,1443.7810181,1351.06133264,339.0,527.0,206.0,478.0,0.643263757116,0.430962343096,0.640047070938,0.423661884702
Rajeev Ram,1697.24296878,1613.16907974,1591.59749923,1581.02814657,23.0,45.0,24.0,66.0,0.511111111111,0.363636363636,0.549075174424,0.357817187388
Daniel Brands,1696.96372861,1666.58478483,1620.54391716,1497.72222281,136.0,229.0,45.0,193.0,0.593886462882,0.233160621762,0.596051225382,0.256042154248
Jozef Kovalik,1694.94902966,1692.96859187,1494.45391231,1479.21533967,275.0,452.0,157.0,434.0,0.608407079646,0.361751152074,0.608132541855,0.360567336565
Malek Jaziri,1694.13521292,1672.50008182,1591.68069265,1427.80737031,1560.0,2574.0,893.0,2510.0,0.606060606061,0.35577689243,0.60605001152,0.355664332035
Zhizhen Zhang,1689.20644713,1632.94603906,1500.0,1500.0,160.0,253.0,94.0,246.0,0.632411067194,0.382113821138,0.628285676133,0.376894872825
Gerald Melzer,1687.88884142,1395.5185673,1728.06677498,1500.0,560.0,905.0,324.0,913.0,0.618784530387,0.354874041621,0.618165620241,0.35461861393
Samuel Groth,1683.64562411,1515.04493404,1521.94173417,1601.28081798,159.0,236.0,52.0,207.0,0.673728813559,0.251207729469,0.661660364713,0.269479929795
Tatsuma Ito,1681.89073209,1586.46983609,1516.0808424,1543.29658482,96.0,161.0,34.0,133.0,0.596273291925,0.255639097744,0.598572204673,0.280256255466
Victor Estrella,1678.86025142,1555.41580633,1730.55000824,1409.15665734,554.0,956.0,283.0,907.0,0.57949790795,0.312017640573,0.580710278935,0.313879019063
Yannick Hanfmann,1678.45741306,1482.60837061,1650.09562025,1496.00338914,725.0,1181.0,420.0,1159.0,0.613886536833,0.362381363244,0.613575028448,0.361884470808
Benjamin Becker,1677.35001669,1610.01172166,1495.95512785,1621.72825027,47.0,67.0,20.0,72.0,0.701492537313,0.277777777778,0.664835674722,0.306233985395
Casper Ruud,1676.72567946,1486.9183664,1665.3594156,1500.0,659.0,1074.0,361.0,1010.0,0.613594040968,0.357425742574,0.613250843002,0.357079908889
Blaz Kavcic,1674.22538328,1608.02950762,1600.29774193,1327.28413176,224.0,406.0,158.0,423.0,0.551724137931,0.373522458629,0.556832543321,0.371130101922
Frank Dancevic,1671.65843762,1574.75958622,1289.8019983,1551.07496324,97.0,143.0,39.0,130.0,0.678321678322,0.3,0.659756045206,0.313224249193
Teymuraz Gabashvili,1670.77583927,1574.71856686,1670.92042213,1386.62243365,141.0,218.0,90.0,260.0,0.646788990826,0.346153846154,0.640754336627,0.346694382627
Renzo Olivo,1668.04301774,1437.09317964,1641.1133956,1440.84263653,561.0,990.0,404.0,1055.0,0.566666666667,0.382938388626,0.568234533275,0.381514914927
Jordan Thompson,1663.04821077,1579.53612887,1557.72022871,1432.28048997,1061.0,1777.0,661.0,1793.0,0.597073719752,0.368655883993,0.597276367975,0.368169367337
Nicolas Jarry,1662.66404844,1513.99499494,1652.2189168,1468.5643113,752.0,1146.0,322.0,1034.0,0.656195462478,0.311411992263,0.654104224816,0.313081143103
Stefanos Tsitsipas,1660.98852052,1610.10794783,1446.77458547,1427.86113238,861.0,1335.0,436.0,1361.0,0.644943820225,0.320352681852,0.643694955744,0.321334769395
Denis Kudla,1658.26987488,1546.98268249,1496.92379267,1543.48735202,280.0,450.0,172.0,439.0,0.622222222222,0.391799544419,0.620680455354,0.387712787446
Francis Tiafoe,1658.09699426,1583.85703025,1362.4576512,1556.84999073,1142.0,1816.0,645.0,1868.0,0.628854625551,0.345289079229,0.628310749441,0.345397070127
Wishaya Trongcharoenchaikul,1657.97943556,1599.52606691,1559.37246962,1528.99103606,357.0,514.0,194.0,529.0,0.694552529183,0.366729678639,0.687646811582,0.365333512697
Laslo Djere,1657.04314957,1511.28945289,1676.30926725,1500.0,771.0,1228.0,424.0,1219.0,0.627850162866,0.347826086957,0.627062245406,0.347894927006
Ricardo Ojeda,1656.45748635,1638.96561269,1500.0,1500.0,129.0,214.0,61.0,173.0,0.602803738318,0.352601156069,0.603344965175,0.351974114756
Stephane Robert,1653.45740826,1567.73315997,1628.21284978,1438.29014771,218.0,410.0,132.0,384.0,0.531707317073,0.34375,0.539357162763,0.344398037022
Lloyd George,1652.91085349,1652.54917593,1379.59818538,1467.05900537,370.0,576.0,230.0,567.0,0.642361111111,0.405643738977,0.639678247276,0.401345550014
Illya Marchenko,1652.38174558,1624.39200149,1441.06146095,1361.90908619,137.0,229.0,101.0,254.0,0.598253275109,0.397637795276,0.599325266818,0.390126301982
Go Soeda,1648.68943835,1574.6183783,1503.15306118,1421.37855562,177.0,295.0,100.0,283.0,0.6,0.353356890459,0.600739965574,0.352830800137
Tim Smyczek,1645.40301107,1573.59236415,1517.45425662,1441.48753486,418.0,689.0,252.0,728.0,0.606676342525,0.346153846154,0.606605878838,0.346368037749
Cameron Norrie,1640.80288896,1482.92241908,1592.65634214,1473.13628251,364.0,653.0,234.0,627.0,0.557427258806,0.373205741627,0.560606111999,0.371559461625
Liam Broady,1638.57177893,1656.34662159,1488.24813186,1382.8285878,233.0,392.0,147.0,368.0,0.594387755102,0.399456521739,0.595579991358,0.393800990901
Emilio Gomez,1634.68372265,1539.78278358,1545.57312673,1500.0,93.0,150.0,45.0,144.0,0.62,0.3125,0.616568788215,0.321671726547
Kenny De,1634.12641472,1597.24805322,1446.97683381,1518.58079632,346.0,539.0,218.0,572.0,0.641929499072,0.381118881119,0.639299514476,0.378723580493
Lamine Ouahab,1633.09692799,1514.06372978,1635.96343137,1500.0,38.0,64.0,41.0,81.0,0.59375,0.506172839506,0.597895864495,0.448581111032
Mikael Ymer,1632.51822548,1573.97516948,1546.32700105,1500.0,437.0,758.0,305.0,719.0,0.576517150396,0.424200278164,0.578201597775,0.419612476375
Taro Daniel,1629.23198342,1569.21815884,1544.85795559,1391.64323571,929.0,1620.0,571.0,1563.0,0.573456790123,0.365323096609,0.574341423109,0.364864708437
Ernesto Escobedo,1624.29887173,1561.24584953,1563.01014535,1437.3106471,1117.0,1749.0,524.0,1688.0,0.638650657519,0.310426540284,0.637798963277,0.311493358731
Pedro Sousa,1622.53870906,1436.02244647,1545.07093633,1500.0,124.0,195.0,86.0,193.0,0.635897435897,0.445595854922,0.630198642554,0.426758246323
Dennis Novikov,1621.69879096,1470.11146974,1500.0,1516.65614363,207.0,319.0,96.0,277.0,0.648902821317,0.346570397112,0.642895048569,0.347021979849
Ilya Ivashka,1621.44605236,1676.21804748,1512.39300281,1500.0,343.0,535.0,221.0,557.0,0.641121495327,0.396768402154,0.638485627539,0.393091933929
Marsel Ilhan,1620.77358071,1614.73155294,1471.35594202,1423.47981344,113.0,193.0,66.0,189.0,0.585492227979,0.349206349206,0.589292226689,0.349299771352
Aisam Ul,1620.06001162,1556.38599276,1564.41828506,1620.62773429,231.0,311.0,109.0,334.0,0.742765273312,0.326347305389,0.726639160563,0.329233735903
Alessandro Giannessi,1619.65273368,1498.98007811,1605.4092515,1500.0,593.0,945.0,377.0,1027.0,0.627513227513,0.367088607595,0.626598093748,0.36632396654
Blaz Rola,1616.15893278,1504.30759776,1609.99577087,1395.92341417,35.0,57.0,9.0,47.0,0.614035087719,0.191489361702,0.609863320456,0.270720188776
Corentin Moutet,1615.70122762,1474.28249303,1599.60842024,1500.0,235.0,382.0,154.0,416.0,0.615183246073,0.370192307692,0.614243904471,0.368102908971
Ze Zhang,1614.50348206,1498.15054391,1581.6238329,1523.59640893,261.0,426.0,167.0,467.0,0.612676056338,0.357601713062,0.612048258423,0.356874508852
Radu Albot,1614.06007713,1464.08582821,1574.79310214,1566.68769147,1333.0,2223.0,804.0,2194.0,0.599640125956,0.36645396536,0.599755515066,0.366100837501
Roberto Quiroz,1612.98450263,1425.47462526,1606.56739624,1500.0,319.0,457.0,129.0,462.0,0.698030634573,0.279220779221,0.689906094719,0.285746996041
Marco Chiudinelli,1612.77877849,1586.04611753,1520.07174439,1472.16693356,248.0,392.0,142.0,405.0,0.632653061224,0.350617283951,0.629963179568,0.350518905084
Gonzalo Lama,1612.31815334,1449.20439816,1633.43355357,1500.0,67.0,101.0,34.0,111.0,0.663366336634,0.306306306306,0.646807440222,0.319238612678
Jirat Navasirisomboon,1612.11314986,1591.50100237,1475.07000269,1500.0,176.0,284.0,128.0,291.0,0.619718309859,0.439862542955,0.617828061358,0.42728370565
Evgeny Donskoy,1609.04653596,1572.62919461,1370.36615348,1453.28930984,850.0,1371.0,468.0,1451.0,0.619985412108,0.322536181943,0.619553470461,0.32339053169
Austin Krajicek,1606.81478348,1601.69969236,1433.32201773,1422.0108879,69.0,95.0,34.0,112.0,0.726315789474,0.303571428571,0.691979343158,0.317232901823
Di Wu,1606.38260272,1578.17879292,1423.9803207,1405.43133985,329.0,547.0,150.0,488.0,0.601462522852,0.30737704918,0.601795508764,0.311104750372
Jurgen Zopp,1601.92834566,1615.63367433,1472.66692622,1362.38843834,153.0,237.0,90.0,242.0,0.645569620253,0.371900826446,0.639344948782,0.368275496219
Benjamin Lock,1601.47783452,1590.56427916,1500.0,1500.0,55.0,82.0,24.0,73.0,0.670731707317,0.328767123288,0.646027787093,0.336973147896
Amine Ahouda,1599.22818228,1500.0,1601.65554712,1500.0,129.0,219.0,86.0,219.0,0.58904109589,0.392694063927,0.591809652592,0.385070865217
Reilly Opelka,1599.11831051,1582.69728969,1464.48988465,1430.36229743,381.0,577.0,155.0,560.0,0.660311958406,0.276785714286,0.65627810675,0.282447717926
Maximilian Marterer,1595.60108966,1619.17644941,1416.26179867,1401.66772584,838.0,1284.0,421.0,1317.0,0.652647975078,0.319665907365,0.651107245853,0.32070341596
Daniel Altmaier,1595.46434486,1500.0,1457.23460944,1551.58773257,252.0,402.0,116.0,384.0,0.626865671642,0.302083333333,0.624644299533,0.307289258304
Daniel Elahi,1594.76240983,1572.3731409,1500.0,1500.0,35.0,50.0,23.0,47.0,0.7,0.489361702128,0.654046940816,0.419395666366
Peter Polansky,1594.46655627,1563.43565119,1454.69057685,1443.73878873,334.0,531.0,150.0,500.0,0.629001883239,0.3,0.62707941434,0.304281839159
Laurynas Grigelis,1594.10832988,1473.61393837,1517.16917273,1500.0,180.0,306.0,141.0,334.0,0.588235294118,0.422155688623,0.590257187833,0.413186918587
Nenad Zimonjic,1593.99092777,1315.68426354,1386.92027857,1590.05569148,18.0,43.0,9.0,38.0,0.418604651163,0.236842105263,0.519330916287,0.299329203851
Rogerio Dutra,1591.46696201,1548.26027252,1576.62099248,1312.60885708,1226.0,2060.0,776.0,2085.0,0.595145631068,0.372182254197,0.595360733118,0.371684360483
Lorenzo Sonego,1591.22433223,1595.42442447,1481.71183626,1500.0,158.0,256.0,65.0,205.0,0.6171875,0.317073170732,0.615096482668,0.323170843975
Yasutaka Uchiyama,1589.69364591,1553.13448769,1500.0,1500.0,140.0,199.0,82.0,240.0,0.70351758794,0.341666666667,0.688194762738,0.342981837556
Vincent Millot,1588.41613736,1530.50205549,1382.97363098,1437.4349181,351.0,599.0,193.0,518.0,0.585976627713,0.372586872587,0.587515552829,0.3706747309
Stefano Napolitano,1588.16876159,1500.0,1551.62111497,1500.0,164.0,273.0,111.0,294.0,0.600732600733,0.377551020408,0.601352311081,0.373697140167
Aleksandr Nedovyesov,1586.97097049,1533.12516047,1453.63763376,1521.46818772,42.0,77.0,28.0,74.0,0.545454545455,0.378378378378,0.56796757435,0.367204916225
Dennis Novak,1586.11426623,1527.78000789,1541.29830727,1500.0,219.0,363.0,114.0,320.0,0.603305785124,0.35625,0.603567480869,0.355405285317
Maximo Gonzalez,1584.93668333,1461.41183547,1541.36078728,1348.82040509,130.0,229.0,77.0,187.0,0.56768558952,0.411764705882,0.574937853143,0.39925859695
Quentin Halys,1582.98543357,1517.80721793,1456.10361792,1500.0,466.0,713.0,235.0,716.0,0.653576437588,0.328212290503,0.650763763728,0.32953866726
Stefano Travaglia,1582.84315066,1567.13859503,1535.89720497,1448.56644139,521.0,830.0,282.0,781.0,0.627710843373,0.361075544174,0.626512340053,0.360426222399
Aqeel Khan,1582.6984281,1519.90796171,1387.90583344,1610.4563291,224.0,357.0,127.0,322.0,0.627450980392,0.394409937888,0.624782777095,0.388694452298
Adam Pavlasek,1582.46463608,1401.29603793,1590.20187729,1561.67426,192.0,335.0,105.0,300.0,0.573134328358,0.35,0.577304317887,0.349955728883
Reda El,1580.74930043,1464.95405439,1598.84239015,1500.0,65.0,111.0,34.0,97.0,0.585585585586,0.350515463918,0.591827888842,0.350240215504
Manuel Sanchez,1579.6502035,1566.12865747,1406.17282156,1500.0,117.0,197.0,91.0,204.0,0.593908629442,0.446078431373,0.595973580652,0.427975213281
Facundo Bagnis,1578.6753389,1458.11159711,1578.52668102,1372.02874825,547.0,876.0,266.0,813.0,0.624429223744,0.327183271833,0.623445547361,0.328416497766
Arthur De,1575.07721844,1528.24360751,1537.86163681,1500.0,98.0,186.0,66.0,185.0,0.52688172043,0.356756756757,0.542101110869,0.355317905661
Frederico Ferreira,1572.74489443,1387.03827815,1569.77412953,1500.0,57.0,101.0,44.0,97.0,0.564356435644,0.453608247423,0.577269337965,0.419605264527
Christian Garin,1570.59418881,1429.85683558,1643.65343772,1462.1278106,235.0,379.0,144.0,394.0,0.620052770449,0.365482233503,0.618572677923,0.363792193555
Andrew Whittington,1570.12778102,1573.27456857,1500.0,1432.85059048,97.0,138.0,45.0,152.0,0.702898550725,0.296052631579,0.680851711778,0.308750901592
Gianluigi Quinzi,1569.08744478,1500.0,1565.3650499,1500.0,121.0,215.0,72.0,169.0,0.562790697674,0.426035502959,0.57167379226,0.409374279589
August Holmgren,1567.84136494,1561.04491774,1500.0,1500.0,59.0,89.0,27.0,81.0,0.662921348315,0.333333333333,0.642560057733,0.339346769692
Elias Ymer,1566.53930102,1425.91781316,1598.83317912,1475.55364626,645.0,1048.0,383.0,1007.0,0.615458015267,0.380337636544,0.615035047924,0.378965708175
Matteo Berrettini,1565.29404585,1558.1728209,1484.56048283,1500.0,173.0,286.0,76.0,277.0,0.604895104895,0.274368231047,0.604972060622,0.285324970815
James Ward,1563.66669153,1512.34247399,1357.93248088,1394.62402411,79.0,127.0,32.0,124.0,0.622047244094,0.258064516129,0.617668461918,0.283307737018
Youssef Hossam,1561.04491774,1561.04491774,1500.0,1500.0,33.0,52.0,30.0,49.0,0.634615384615,0.612244897959,0.620744406426,0.483464922552
Chun Hsin,1561.04491774,1561.04491774,1500.0,1500.0,24.0,27.0,24.0,32.0,0.888888888889,0.75,0.724099667885,0.51149383243
Zsombor Piros,1561.04491774,1561.04491774,1500.0,1500.0,53.0,86.0,27.0,67.0,0.616279069767,0.402985074627,0.611961064686,0.380960768293
Marc Andrea,1561.04491774,1561.04491774,1500.0,1500.0,30.0,40.0,26.0,45.0,0.75,0.577777777778,0.678174672491,0.461047038512
Skyler Butts,1561.04491774,1561.04491774,1500.0,1500.0,29.0,45.0,35.0,58.0,0.644444444444,0.603448275862,0.627527825708,0.489634435131
Benjamin Hassan,1561.04491774,1561.04491774,1500.0,1500.0,53.0,81.0,38.0,93.0,0.654320987654,0.408602150538,0.63851844174,0.388773142344
Cristian Rodriguez,1561.04491774,1561.04491774,1500.0,1500.0,35.0,50.0,26.0,49.0,0.7,0.530612244898,0.655030477334,0.441869670941
Miljan Zekic,1557.28900994,1500.0,1531.83742459,1500.0,136.0,219.0,59.0,191.0,0.62100456621,0.30890052356,0.618068670517,0.316975100342
Carlos Taberner,1555.74609969,1545.01550592,1500.0,1500.0,92.0,153.0,37.0,121.0,0.601307189542,0.305785123967,0.602420555071,0.318094579558
Anthony Jackie,1554.50944154,1544.24948205,1500.0,1500.0,51.0,81.0,41.0,88.0,0.62962962963,0.465909090909,0.621516214082,0.425349713154
Jose Hernandez,1554.1479822,1544.56836248,1451.11624524,1500.0,140.0,226.0,95.0,247.0,0.619469026549,0.384615384615,0.617331418287,0.3790130905
Gleb Sakharov,1553.51806005,1500.0,1546.36769072,1500.0,90.0,145.0,39.0,125.0,0.620689655172,0.312,0.616692804441,0.32232088822
Kamil Majchrzak,1553.1410163,1474.0608382,1531.76390186,1472.59806582,77.0,114.0,36.0,115.0,0.675438596491,0.313043478261,0.65593001953,0.32369732041
Hady Habib,1551.96869762,1570.45238382,1491.09341882,1500.0,42.0,56.0,15.0,47.0,0.75,0.31914893617,0.679745577147,0.3344382506
Franco Skugor,1550.63204379,1525.28089206,1518.02165021,1379.91470249,269.0,433.0,156.0,457.0,0.621247113164,0.341356673961,0.619847116865,0.342134775781
John Bryan,1550.42826506,1561.04491774,1500.0,1500.0,40.0,64.0,25.0,54.0,0.625,0.462962962963,0.616174565636,0.410145715258
Pedja Krstin,1550.084755,1451.05710895,1605.63782712,1500.0,43.0,58.0,21.0,48.0,0.741379310345,0.4375,0.676029417411,0.393972452246
Marco Trungelliti,1549.06895845,1525.55596585,1512.24740664,1500.0,202.0,362.0,118.0,315.0,0.558011049724,0.374603174603,0.563876981917,0.37135665901
Thomas Fabbiano,1548.00360228,1495.23816813,1311.03171049,1494.19637965,766.0,1323.0,545.0,1456.0,0.578987150416,0.374313186813,0.579771054191,0.373540086948
Alberto Lim,1547.4116524,1508.20038444,1500.0,1500.0,172.0,276.0,101.0,268.0,0.623188405797,0.376865671642,0.620665396885,0.372796423033
Yannick Maden,1547.23850514,1495.98466907,1500.0,1500.0,178.0,298.0,110.0,300.0,0.597315436242,0.366666666667,0.598365276922,0.364358109746
Stefan Kozlov,1545.11434647,1309.8368858,1500.0,1559.5623279,324.0,530.0,164.0,514.0,0.611320754717,0.31906614786,0.610853657201,0.321638690224
Christian Lindell,1544.69011434,1367.62721044,1560.6294055,1500.0,111.0,163.0,91.0,197.0,0.680981595092,0.46192893401,0.667078227833,0.440244902497
Mathias Bourgue,1544.6176172,1489.64792491,1544.75651723,1500.0,57.0,91.0,26.0,98.0,0.626373626374,0.265306122449,0.619845710164,0.292717738259
Hong Kit,1542.44554449,1545.69446982,1500.0,1500.0,33.0,52.0,29.0,50.0,0.634615384615,0.58,0.620891275457,0.468197412357
Bogdan Borza,1540.91138334,1546.4094492,1500.0,1500.0,37.0,52.0,29.0,56.0,0.711538461538,0.517857142857,0.664597353708,0.440967350808
Michael Venus,1540.89811319,1470.54930323,1587.34693245,1500.0,67.0,133.0,47.0,141.0,0.503759398496,0.333333333333,0.528131466892,0.337429268981
Alejandro Gonzalez,1537.68520604,1515.48188771,1456.01607833,1385.71735678,126.0,227.0,69.0,199.0,0.555066079295,0.346733668342,0.564264745876,0.347297057447
Jason Kubler,1536.96830999,1462.17420334,1534.53228204,1500.0,81.0,153.0,47.0,122.0,0.529411764706,0.385245901639,0.549716181888,0.375328141838
Gonzalo Escobar,1535.5867221,1625.2712351,1440.99588391,1500.0,62.0,99.0,30.0,100.0,0.626262626263,0.3,0.619859250456,0.315920052907
Edan Leshem,1534.16048843,1472.18215514,1551.70599319,1500.0,117.0,178.0,56.0,177.0,0.657303370787,0.316384180791,0.646896592152,0.323388467912
Christopher Diaz,1533.26404119,1573.78009996,1358.01274981,1500.0,185.0,317.0,138.0,320.0,0.583596214511,0.43125,0.586261521007,0.420771024382
Takanyi Garanganga,1532.01558156,1539.38775845,1500.0,1500.0,40.0,65.0,27.0,62.0,0.615384615385,0.435483870968,0.611237249293,0.398409647821
Seong Chan,1529.67892496,1564.47971803,1521.38456379,1452.89295193,65.0,100.0,45.0,116.0,0.65,0.387931034483,0.637659727501,0.376872401481
Federico Gaio,1529.463658,1457.09357552,1548.15617152,1500.0,72.0,129.0,41.0,124.0,0.558139534884,0.33064516129,0.570622972038,0.335888634503
Aldin Setkic,1528.88498421,1453.79441013,1594.77267035,1500.0,23.0,52.0,11.0,44.0,0.442307692308,0.25,0.524289687234,0.301567180854
Viktor Galovic,1528.59030157,1500.0,1477.58123274,1500.0,100.0,153.0,58.0,163.0,0.653594771242,0.355828220859,0.643280220164,0.354447131604
Evan King,1526.96296925,1498.91237647,1500.0,1500.0,155.0,250.0,96.0,265.0,0.62,0.362264150943,0.617910471687,0.360361931869
Christopher Eubanks,1526.70219264,1487.38502171,1500.0,1500.0,254.0,407.0,94.0,350.0,0.624078624079,0.268571428571,0.621979810131,0.278202681259
Karim Mohamed,1523.12570174,1485.0875603,1485.6660256,1500.0,28.0,42.0,27.0,48.0,0.666666666667,0.5625,0.637236354421,0.457020959292
Peter Bothwell,1519.86358816,1497.06434685,1500.0,1500.0,77.0,137.0,70.0,158.0,0.56204379562,0.443037974684,0.571573535251,0.421574797405
Christian Harrison,1519.80156554,1485.66103442,1500.0,1500.0,43.0,102.0,25.0,84.0,0.421568627451,0.297619047619,0.485196073667,0.316337244387
Joris De,1517.70272447,1493.24031668,1500.0,1500.0,47.0,66.0,11.0,61.0,0.712121212121,0.180327868852,0.667160343906,0.254170606419
Nicolaas Scholtz,1517.36498276,1421.4989649,1576.91013271,1500.0,300.0,475.0,153.0,487.0,0.631578947368,0.314168377823,0.629393932678,0.317303407807
Brydan Klein,1515.27217359,1463.18522137,1500.0,1400.76611326,98.0,169.0,52.0,170.0,0.579881656805,0.305882352941,0.585181153865,0.315393247037
Harri Heliovaara,1513.65105308,1541.04060927,1425.03918174,1500.0,37.0,64.0,18.0,62.0,0.578125,0.290322580645,0.589534904248,0.315965507206
Michael Mmoh,1512.83397491,1512.6900644,1500.0,1438.95508226,187.0,313.0,84.0,277.0,0.597444089457,0.303249097473,0.598551260097,0.310003774429
Luca Vanni,1511.57381484,1418.19799056,1553.20547247,1412.84077549,24.0,53.0,18.0,52.0,0.452830188679,0.346153846154,0.523162758253,0.347828167606
M Abid,1510.08596605,1472.88473014,1466.82140517,1561.04491774,49.0,82.0,40.0,89.0,0.59756097561,0.449438202247,0.600189026218,0.414881886854
Duilio Beretta,1508.8747657,1497.56355441,1495.38923178,1500.0,33.0,42.0,32.0,66.0,0.785714285714,0.484848484848,0.713173910161,0.428510533633
Mitchell Krueger,1507.86068818,1562.72510222,1500.0,1384.15856834,182.0,311.0,110.0,297.0,0.585209003215,0.37037037037,0.587843916476,0.367534129655
Ivan Endara,1506.67780342,1432.76851805,1486.26845023,1500.0,75.0,128.0,21.0,104.0,0.5859375,0.201923076923,0.591780079582,0.248022773484
Yibing Wu,1501.67202879,1469.93205081,1500.0,1500.0,197.0,329.0,109.0,312.0,0.598784194529,0.349358974359,0.599615554164,0.349400360612
Yaraslau Shyla,1500.98194234,1521.32583023,1437.21965593,1500.0,159.0,251.0,72.0,234.0,0.633466135458,0.307692307692,0.628994547209,0.314734673149
Norbert Gombos,1497.64464055,1468.4177192,1449.87991276,1455.79528662,576.0,954.0,351.0,994.0,0.603773584906,0.353118712274,0.603845406208,0.352962672728
Jc Aragone,1493.97537083,1487.93526671,1500.0,1500.0,44.0,86.0,21.0,74.0,0.511627906977,0.283783783784,0.54683387558,0.309432372685
Evgeny Tyurnev,1493.65425399,1487.34675744,1500.0,1500.0,19.0,43.0,22.0,59.0,0.441860465116,0.372881355932,0.512146790975,0.36257130743
Rudolf Molleker,1492.73548557,1500.0,1487.95913376,1500.0,35.0,62.0,16.0,51.0,0.564516129032,0.313725490196,0.583578110203,0.330997578139
John Patrick,1492.33831528,1356.54872735,1500.0,1556.6593963,210.0,357.0,122.0,339.0,0.588235294118,0.3598820059,0.590230822955,0.358635252174
Aleksandar Vukic,1491.12645976,1478.98669705,1500.0,1500.0,71.0,104.0,26.0,93.0,0.682692307692,0.279569892473,0.657715513861,0.303159649875
Calvin Hemery,1489.5809906,1432.45815575,1534.03750664,1500.0,21.0,42.0,12.0,45.0,0.5,0.266666666667,0.552398410551,0.309145265399
Benjamin Bonzi,1489.40000693,1500.0,1488.04360662,1500.0,30.0,68.0,13.0,57.0,0.441176470588,0.228070175439,0.513148175207,0.283131270345
Wilfredo Gonzalez,1489.12926665,1507.81644416,1442.93219561,1500.0,125.0,191.0,78.0,208.0,0.65445026178,0.375,0.645823736567,0.370318751499
Tomislav Ternar,1488.22692435,1470.09174775,1500.0,1500.0,31.0,55.0,11.0,48.0,0.563636363636,0.229166666667,0.583739906718,0.288891607169
Patrick Tierro,1487.89656908,1469.63517285,1509.95162325,1500.0,27.0,56.0,13.0,47.0,0.482142857143,0.276595744681,0.542074311086,0.313198896659
Hugo Dellien,1487.88458883,1479.0350589,1509.94839407,1500.0,34.0,66.0,9.0,42.0,0.515151515152,0.214285714286,0.561578387218,0.285901074035
Liam Caruana,1487.05748516,1478.28255919,1500.0,1500.0,51.0,78.0,22.0,78.0,0.653846153846,0.282051282051,0.63628007959,0.307533041184
Geoffrey Blancaneaux,1486.63699563,1466.80943039,1500.0,1500.0,33.0,72.0,18.0,65.0,0.458333333333,0.276923076923,0.518076903833,0.307514582058
Adrian Menendez,1485.8927389,1512.01804143,1374.28595224,1427.03093127,366.0,602.0,201.0,579.0,0.607973421927,0.347150259067,0.607793650702,0.347340365805
Konstantin Kravchuk,1485.60298706,1326.43637272,1619.6856592,1393.78603267,442.0,724.0,211.0,673.0,0.610497237569,0.313521545319,0.610184673735,0.315889240078
Adrian Andreev,1485.3692931,1478.82011106,1500.0,1500.0,28.0,58.0,20.0,56.0,0.48275862069,0.357142857143,0.537047653364,0.353728311794
Joao Pedro,1485.15354152,1484.42958926,1500.0,1500.0,131.0,201.0,80.0,209.0,0.651741293532,0.382775119617,0.643623855533,0.376680597871
Rodrigo Arus,1485.01112202,1535.49977637,1434.4052696,1500.0,30.0,40.0,29.0,52.0,0.75,0.557692307692,0.683387795889,0.458754599892
Nicola Kuhn,1484.51018848,1479.78211918,1500.0,1500.0,51.0,83.0,26.0,80.0,0.614457831325,0.325,0.611241346419,0.33415151824
Luis Patino,1484.41114612,1581.26153737,1402.70271188,1500.0,76.0,107.0,54.0,119.0,0.710280373832,0.453781512605,0.681774907277,0.424231298891
Mykyta Mashtakov,1484.40083569,1500.0,1482.54522029,1500.0,27.0,63.0,13.0,57.0,0.428571428571,0.228070175439,0.50606561178,0.283131270345
Soren Hess,1484.11164447,1445.44279335,1500.0,1500.0,144.0,265.0,66.0,201.0,0.543396226415,0.328358208955,0.554633088338,0.332409394992
Yusuke Takahashi,1483.79819901,1480.72646478,1500.0,1500.0,50.0,87.0,36.0,90.0,0.574712643678,0.4,0.584874325366,0.382695194981
Alexander Donski,1482.73850964,1473.5288772,1500.0,1500.0,33.0,61.0,13.0,54.0,0.540983606557,0.240740740741,0.570088868996,0.291527408327
Markus Eriksson,1482.04898706,1494.05639775,1459.37992279,1500.0,32.0,39.0,20.0,39.0,0.820512820513,0.512820512821,0.705966161438,0.423517595936
Emil Ruusuvuori,1481.5870643,1505.96801041,1500.0,1500.0,59.0,113.0,46.0,101.0,0.522123893805,0.455445544554,0.547586970311,0.421775678096
Dominik Koepfer,1481.05800483,1471.84161117,1500.0,1500.0,21.0,44.0,15.0,50.0,0.477272727273,0.3,0.537592306605,0.32411234537
Tallon Griekspoor,1479.77928976,1489.63619624,1500.0,1444.37900747,42.0,80.0,13.0,51.0,0.525,0.254901960784,0.5624629939,0.300436732463
Vaclav Safranek,1479.69939417,1460.49115037,1500.0,1500.0,103.0,180.0,45.0,167.0,0.572222222222,0.269461077844,0.579206882413,0.287126138647
Hubert Hurkacz,1478.84177244,1474.28232875,1421.67161897,1500.0,37.0,61.0,24.0,72.0,0.606557377049,0.333333333333,0.606135357054,0.339800938347
Roberto Marcora,1478.4540867,1500.0,1449.76985673,1500.0,25.0,50.0,8.0,40.0,0.5,0.2,0.555500944476,0.280988566463
Dzmitry Zhyrmont,1478.09275296,1492.04212538,1382.33426619,1500.0,182.0,319.0,84.0,273.0,0.570532915361,0.307692307692,0.575421796835,0.313876826711
Juan Pablo,1477.79926013,1417.63889445,1519.86958463,1378.94620697,51.0,64.0,28.0,81.0,0.796875,0.345679012346,0.729054421794,0.347149222645
Alessandro Bega,1477.35472415,1480.04298946,1500.0,1500.0,42.0,70.0,35.0,90.0,0.6,0.388888888889,0.601802212913,0.375404696005
Kenneth Raisma,1475.22316859,1474.89149258,1500.0,1500.0,52.0,74.0,20.0,76.0,0.702702702703,0.263157894737,0.666816669612,0.296288483799
Roman Safiullin,1475.01152958,1461.0390058,1500.0,1500.0,32.0,56.0,9.0,45.0,0.571428571429,0.2,0.588334485391,0.276594885446
Arjun Kadhe,1474.87444677,1462.31700976,1500.0,1500.0,33.0,66.0,16.0,48.0,0.5,0.333333333333,0.550697983136,0.341432029708
Alexios Halebian,1473.88504039,1467.83322024,1500.0,1500.0,35.0,56.0,20.0,66.0,0.625,0.30303030303,0.617133465113,0.322470514266
Thai Son,1473.53489521,1479.00097056,1500.0,1443.64608376,133.0,221.0,76.0,220.0,0.601809954751,0.345454545455,0.602422011552,0.346199464571
Sekou Bangoura,1472.81590684,1475.66252426,1500.0,1500.0,44.0,60.0,8.0,56.0,0.733333333333,0.142857142857,0.676748465257,0.237409593108
Dimitar Kuzmanov,1467.75069507,1386.08333961,1588.29355742,1500.0,44.0,79.0,18.0,63.0,0.556962025316,0.285714285714,0.577019821596,0.313097391058
Matthew Foster,1466.53830409,1469.60012553,1500.0,1500.0,29.0,70.0,8.0,52.0,0.414285714286,0.153846153846,0.502380735231,0.246985956437
Alex Diaz,1465.72368153,1487.44647951,1500.0,1500.0,32.0,55.0,14.0,53.0,0.581818181818,0.264150943396,0.592597443945,0.304421430124
Mohamed Safwat,1465.67206928,1485.32610959,1357.92547487,1520.67412894,206.0,299.0,104.0,316.0,0.688963210702,0.329113924051,0.678665839139,0.331784112999
Prajnesh Gunneswaran,1463.93127179,1483.88334359,1500.0,1500.0,113.0,154.0,58.0,183.0,0.733766233766,0.31693989071,0.708692511914,0.323647713404
Kevin King,1462.63357527,1431.84827767,1500.0,1500.0,58.0,107.0,27.0,86.0,0.542056074766,0.313953488372,0.563655973249,0.326605162615
Alex Fairbanks,1461.14825074,1500.0,1439.98889847,1500.0,24.0,49.0,19.0,55.0,0.489795918367,0.345454545455,0.541485709,0.347402536732
Sebastian Arcila,1459.22939601,1461.28132497,1500.0,1500.0,28.0,59.0,14.0,50.0,0.474576271186,0.28,0.536164772487,0.313820554871
Jason Jung,1459.20546743,1471.60740763,1500.0,1433.98152911,63.0,115.0,31.0,99.0,0.547826086957,0.313131313131,0.565680675791,0.324923040273
Alexander Muller,1458.13859136,1500.0,1449.52042128,1500.0,95.0,162.0,57.0,155.0,0.586419753086,0.367741935484,0.590660859525,0.363526738172
Adrian Bodmer,1457.73420466,1436.38177468,1500.0,1500.0,122.0,200.0,56.0,174.0,0.61,0.32183908046,0.609074603924,0.327775085058
Akira Santillan,1456.08365841,1425.15671229,1405.45605183,1496.96806394,199.0,319.0,125.0,309.0,0.623824451411,0.404530744337,0.621514133887,0.397266404621
Steven Diez,1455.67551856,1519.98686137,1364.13086763,1500.0,32.0,60.0,19.0,54.0,0.533333333333,0.351851851852,0.565892447838,0.350836561793
Mackenzie Mcdonald,1455.25373368,1445.91633551,1500.0,1462.58311161,170.0,266.0,112.0,271.0,0.639097744361,0.413284132841,0.634357184879,0.403854572845
Daniel Masur,1454.71217681,1470.11135806,1464.50478222,1500.0,88.0,138.0,35.0,129.0,0.63768115942,0.271317829457,0.629422472611,0.292296258619
Sharmal Dissanayake,1454.3257161,1462.97831418,1431.62608946,1500.0,35.0,66.0,32.0,59.0,0.530303030303,0.542372881356,0.562590355253,0.456764466119
Salvatore Caruso,1453.65629355,1454.05713423,1476.22004943,1500.0,172.0,304.0,109.0,299.0,0.565789473684,0.364548494983,0.570922089325,0.36252186918
Ainius Sabaliauskas,1453.10152255,1454.66948599,1500.0,1500.0,16.0,47.0,5.0,29.0,0.340425531915,0.172413793103,0.500804582591,0.282181692473
Jose Rubin,1452.8342239,1467.55810824,1546.910018,1500.0,104.0,167.0,69.0,174.0,0.622754491018,0.396551724138,0.619234077026,0.386554776314
Maxime Hamou,1452.67847279,1500.0,1428.65915971,1500.0,59.0,103.0,29.0,96.0,0.572815533981,0.302083333333,0.58314344555,0.317761847606
Riccardo Bellotti,1451.20888669,1500.0,1434.56474629,1500.0,48.0,94.0,29.0,78.0,0.510638297872,0.371794871795,0.545053368397,0.363459297812
Lorenzo Giustino,1449.67273749,1500.0,1434.77212678,1500.0,31.0,58.0,11.0,44.0,0.534482758621,0.25,0.570145574759,0.301567180854
Alexei Popyrin,1449.57016742,1432.6412232,1500.0,1500.0,121.0,216.0,59.0,192.0,0.560185185185,0.307291666667,0.568693940956,0.315649758695
Marc Polmans,1447.18595845,1474.57380287,1446.35169658,1500.0,97.0,178.0,57.0,160.0,0.544943820225,0.35625,0.558097726452,0.354752885226
Marco Cecchinato,1445.67563478,1374.91459752,1444.37245784,1486.7299523,264.0,468.0,153.0,445.0,0.564102564103,0.343820224719,0.567857315848,0.344381212865
Sumit Nagal,1444.21593338,1430.30882018,1500.0,1500.0,33.0,67.0,16.0,51.0,0.492537313433,0.313725490196,0.545116826167,0.330997578139
Illia Biloborodko,1444.1153332,1500.0,1432.99289163,1500.0,13.0,36.0,7.0,35.0,0.361111111111,0.2,0.497805269742,0.285916987393
Antoine Bellier,1443.96167155,1485.6930483,1439.21469125,1500.0,44.0,74.0,18.0,63.0,0.594594594595,0.285714285714,0.59908564128,0.313097391058
Luciano Ramazzini,1443.7333639,1524.3872056,1500.0,1500.0,36.0,78.0,20.0,67.0,0.461538461538,0.298507462687,0.5189316469,0.319645909397
Kuan Yi,1443.06059458,1487.73286694,1500.0,1500.0,32.0,47.0,14.0,56.0,0.68085106383,0.25,0.647488466983,0.295568952451
Jeson Patrombon,1443.04473042,1350.37832744,1597.94111657,1500.0,96.0,177.0,77.0,200.0,0.542372881356,0.385,0.55384177531,0.378258999589
Patrick Kypson,1439.89791532,1437.44747312,1500.0,1500.0,52.0,101.0,32.0,97.0,0.514851485149,0.329896907216,0.543319776046,0.336367205699
Michel Saade,1438.95508226,1438.95508226,1500.0,1500.0,8.0,32.0,3.0,27.0,0.25,0.111111111111,0.471120981368,0.262824313043
Cheng Yu,1438.95508226,1438.95508226,1500.0,1500.0,55.0,93.0,28.0,81.0,0.591397849462,0.345679012346,0.596377072268,0.347149222645
Peter August,1438.95508226,1438.95508226,1500.0,1500.0,19.0,49.0,19.0,52.0,0.387755102041,0.365384615385,0.488076225878,0.357912388723
Roman Hassanov,1438.95508226,1438.95508226,1500.0,1500.0,19.0,45.0,10.0,40.0,0.422222222222,0.25,0.518658881276,0.3039336025
Xavier Lawrence,1438.95508226,1438.95508226,1500.0,1500.0,23.0,49.0,15.0,50.0,0.469387755102,0.3,0.533417913835,0.32411234537
Julien Cagnina,1438.95508226,1438.95508226,1500.0,1500.0,40.0,67.0,33.0,86.0,0.597014925373,0.383720930233,0.599889464671,0.371662106892
Amir Hossein,1438.95508226,1438.95508226,1500.0,1500.0,23.0,58.0,16.0,45.0,0.396551724138,0.355555555556,0.500353060783,0.352545772003
Brayden Schnur,1438.33691294,1404.68340368,1500.0,1500.0,233.0,374.0,125.0,366.0,0.622994652406,0.341530054645,0.621095031378,0.342459741966
Jaume Munar,1437.45817563,1468.23875529,1435.68242209,1500.0,90.0,168.0,64.0,175.0,0.535714285714,0.365714285714,0.549838340615,0.362309017203
Soon Woo,1437.20494059,1478.35282498,1500.0,1455.77423914,94.0,152.0,41.0,148.0,0.618421052632,0.277027027027,0.61542581288,0.294583407911
Alexander Ward,1435.36277448,1500.0,1488.51779041,1347.56995533,57.0,103.0,28.0,97.0,0.553398058252,0.288659793814,0.569754289307,0.30862118609
Anil Yuksel,1434.91057721,1467.25932708,1443.46247307,1500.0,52.0,98.0,28.0,80.0,0.530612244898,0.35,0.557340654046,0.34987913816
Benjamin Hannestad,1434.00842276,1420.37351292,1500.0,1500.0,57.0,115.0,44.0,115.0,0.495652173913,0.382608695652,0.526258357614,0.373029844336
Temur Ismailov,1432.74616062,1513.44849849,1380.25564507,1448.43100666,120.0,189.0,64.0,192.0,0.634920634921,0.333333333333,0.629381349078,0.336555843217
Muhammad Althaf,1432.30904432,1421.90234148,1500.0,1500.0,29.0,57.0,11.0,43.0,0.508771929825,0.255813953488,0.557910359025,0.304911802088
Martin Cuevas,1431.37227796,1523.12436289,1401.31723395,1500.0,72.0,112.0,39.0,117.0,0.642857142857,0.333333333333,0.632559685041,0.33802807239
Minjong Park,1430.38383198,1500.0,1500.0,1438.95508226,49.0,89.0,33.0,82.0,0.550561797753,0.40243902439,0.56985528303,0.383171807409
Kittipong Wachiramanowong,1429.20659918,1431.21314613,1560.40356992,1417.44835157,115.0,203.0,66.0,204.0,0.566502463054,0.323529411765,0.573470136126,0.328438981564
Mike Urbanija,1427.75363826,1423.17737037,1500.0,1500.0,30.0,67.0,11.0,55.0,0.44776119403,0.2,0.518237476179,0.26909769773
Ignacio Garcia,1425.41923852,1437.01905907,1500.0,1500.0,76.0,143.0,48.0,126.0,0.531468531469,0.380952380952,0.550760128162,0.372433139497
Shahin Khaledan,1424.87746713,1368.34652047,1587.58370586,1500.0,47.0,88.0,30.0,81.0,0.534090909091,0.37037037037,0.559373770743,0.362754128551
Rafael Eduardo,1424.80798734,1434.35733632,1500.0,1500.0,23.0,52.0,10.0,40.0,0.442307692308,0.25,0.528173040454,0.3039336025
Yasitha De,1418.61159189,1500.0,1368.76221625,1500.0,67.0,111.0,27.0,105.0,0.603603603604,0.257142857143,0.604153220067,0.28582373905
Altug Celikbilek,1418.25873285,1393.25799495,1453.41955123,1500.0,108.0,178.0,61.0,183.0,0.606741573034,0.333333333333,0.606489518488,0.33668185113
Simen Sunde,1412.96450683,1382.10322453,1500.0,1500.0,89.0,148.0,35.0,126.0,0.601351351351,0.277777777778,0.602420540757,0.297360155326
Jonathan Eysseric,1412.11452526,1469.75246584,1415.81118844,1500.0,27.0,55.0,11.0,44.0,0.490909090909,0.25,0.548468246111,0.301567180854
Jesus Bandres,1409.87493577,1402.87620384,1500.0,1500.0,72.0,132.0,41.0,118.0,0.545454545455,0.347457627119,0.561869657694,0.348090577829
Nicolae Frunza,1409.37674344,1410.81408067,1500.0,1500.0,59.0,88.0,47.0,114.0,0.670454545455,0.412280701754,0.652220895871,0.393958914253
Alex Bolt,1406.98686543,1378.62373453,1500.0,1500.0,178.0,280.0,101.0,312.0,0.635714285714,0.323717948718,0.631940887082,0.32712646436
Guilherme Clezar,1403.95175874,1425.77733171,1424.79217362,1500.0,72.0,127.0,35.0,107.0,0.566929133858,0.327102803738,0.578234375628,0.334008223602
Simon Carr,1403.19929349,1380.95490924,1500.0,1500.0,36.0,60.0,28.0,84.0,0.6,0.333333333333,0.601886399266,0.33920923046
Tilen Zitnik,1402.62685973,1458.6855773,1500.0,1500.0,32.0,57.0,11.0,47.0,0.561403508772,0.234042553191,0.582812124318,0.291959542717
Lukas Mugevicius,1401.47698344,1411.51580123,1422.66193453,1500.0,65.0,106.0,61.0,130.0,0.61320754717,0.469230769231,0.611231528428,0.437402399539
Viktor Durasovic,1401.02080443,1350.85631494,1500.0,1500.0,91.0,161.0,58.0,168.0,0.565217391304,0.345238095238,0.573634622238,0.34621048941
Jordi Munoz,1396.54866492,1437.58337665,1373.41986591,1500.0,32.0,56.0,12.0,49.0,0.571428571429,0.244897959184,0.587610808489,0.2962862903
Eduardo Struvay,1394.99625787,1403.25775575,1464.40580056,1500.0,37.0,79.0,31.0,85.0,0.46835443038,0.364705882353,0.51542651658,0.359341597858
Laurent Lokoli,1394.99368384,1393.69779704,1418.76657068,1500.0,86.0,138.0,70.0,165.0,0.623188405797,0.424242424242,0.619424639227,0.407665688707
Anthony Susanto,1391.54231421,1438.95508226,1500.0,1500.0,29.0,54.0,24.0,64.0,0.537037037037,0.375,0.565075863552,0.364254784794
Petros Chrysochos,1391.48184991,1473.47465421,1455.46140891,1500.0,25.0,43.0,15.0,53.0,0.581395348837,0.283018867925,0.592367465459,0.314404974967
Federico Zeballos,1384.65363261,1456.93043539,1354.22232629,1500.0,53.0,81.0,13.0,64.0,0.654320987654,0.203125,0.634292559756,0.265302618774
Adam Hornby,1376.25637162,1448.91472306,1396.09280074,1500.0,40.0,82.0,26.0,81.0,0.487804878049,0.320987654321,0.529486710781,0.331544316739
Sanjar Fayziev,1371.37039651,1395.77213377,1442.41494803,1479.70979489,109.0,176.0,37.0,152.0,0.619318181818,0.243421052632,0.616180960337,0.268583165704
Julius Tverijonas,1368.92643381,1500.0,1365.15144868,1500.0,80.0,155.0,49.0,146.0,0.516129032258,0.335616438356,0.536974493737,0.339048889213
Ugo Nastasi,1368.22736567,1379.97396039,1414.11735179,1500.0,87.0,163.0,39.0,126.0,0.533742331288,0.309523809524,0.552441019646,0.320459535071
Haydn Lewis,1364.34566079,1416.08030515,1452.85916336,1500.0,99.0,162.0,55.0,169.0,0.611111111111,0.325443786982,0.609932675987,0.330730586407
Roberto Cid,1360.68690337,1363.77787729,1364.95232559,1500.0,126.0,217.0,62.0,197.0,0.58064516129,0.314720812183,0.5852114878,0.321472674503
Jabor Al,1360.50157949,1361.29393412,1500.0,1500.0,22.0,50.0,6.0,34.0,0.44,0.176470588235,0.533740420232,0.277119050207
Cem Ilkel,1360.44086671,1394.98890209,1381.89840658,1438.95508226,273.0,455.0,149.0,424.0,0.6,0.35141509434,0.60051723879,0.351240819767
Artem Smirnov,1349.74060774,1428.16977463,1422.08396504,1367.40958186,220.0,417.0,141.0,384.0,0.52757793765,0.3671875,0.535656143034,0.365271725052
George Tsivadze,1347.29773969,1349.99975322,1450.74502511,1500.0,145.0,281.0,81.0,234.0,0.516014234875,0.346153846154,0.530289991351,0.346744367359
Christophe Tholl,1346.17510556,1373.68443052,1500.0,1500.0,52.0,103.0,21.0,95.0,0.504854368932,0.221052631579,0.536917306266,0.263724301595
Aziz Dougaz,1339.50706838,1340.8120423,1500.0,1500.0,22.0,50.0,28.0,66.0,0.44,0.424242424242,0.506580241701,0.393163860511
David Agung,1333.66869833,1346.21134748,1500.0,1500.0,86.0,151.0,60.0,142.0,0.569536423841,0.422535211268,0.578097883112,0.404368621364
Mohsen Hossein,1320.34593623,1367.75660834,1427.24048882,1500.0,21.0,50.0,19.0,52.0,0.42,0.365384615385,0.505461706476,0.357912388723
Tadas Babelis,1294.52445805,1412.17190609,1367.33960896,1500.0,53.0,104.0,28.0,113.0,0.509615384615,0.247787610619,0.536668722863,0.277790827141
Alberto Emmanuel,1269.64938831,1322.27601828,1462.56216629,1500.0,73.0,151.0,22.0,102.0,0.483443708609,0.21568627451,0.520471982322,0.258052253083
